trait,num_items,average_score
Machiavellianism,9,3.2222222222222223
Narcissism,9,2.888888888888889
Psychopathy,9,1.5555555555555556
